{"res":[{"autoopen":false,"ftype":0,"id":0,"name":"传媒-尼尔·波兹曼：娱乐至死.pdf","progress":[{"readingPage":116,"readingPageOffset":145.1177437735273,"readingPercent":0.49367088079452515}],"readingProgressPage":116,"readingProgressPageOffset":145.1177437735273,"refhash":"0a7a43028fd85f6dccf04c41958733c0","refpath":"D:/books/传媒-尼尔·波兹曼：娱乐至死.pdf","uuid":"5f2fe36d6f4511a8b73d7e81436d5a43"}],"resid":1,"version":1}